"id","autor_id","comrcl_id","team_id","name","lastname","phone","email","gender","city","address","birth_at","source","type_prospect","raison_sociale","code_post","gsm","assure","last_assure","motif_resil","motif_saise","creat_at"
"1","1",NULL,"2","Liour","Fourine","0615245885","liou@barir",NULL,"Lyon","Métropole de Lyon","2023-09-07 00:00:00","Propre site","Particuliers",NULL,"69123",NULL,"Non","Non",NULL,NULL,"2023-09-04 18:50:51"
"2","1",NULL,"1","Gage","Hartman","+1 (311) 211-5423","cafedoju@mailinator.com","0","Natus omnis atque ea","Voluptate provident","2003-02-26 00:00:00","Propre site","Professionnels",NULL,"15231","+1 (116) 697-6229","Non","Oui","1",NULL,"2023-09-04 19:53:42"
"3","1","7","1","Vivien","Witt","+1 (163) 815-3456","misowivi@mailinator.com","0","Dolor excepteur nihi","Non ut numquam nostr","2000-08-24 00:00:00","Saisie manuelle","Professionnels",NULL,"69845","+1 (545) 701-2986","Non","Non",NULL,"2","2023-09-04 20:56:42"
"4","1",NULL,"2","Tamekah","Schwartz","+1 (918) 458-9795","keqary@mailinator.com","0","Sed similique velit","Molestiae laudantium","1996-03-25 00:00:00","Revendeur","Professionnels",NULL,"25145","+1 (915) 466-4055","Non","Oui","2",NULL,"2023-09-04 21:27:49"
"5","1","5","1","Teagan","Randall","+1 (218) 115-4651","sirot@mailinator.com","1","Consequatur ipsa q","Excepturi quia volup","1978-02-20 00:00:00","Propre site","Professionnels",NULL,"23516","+1 (918) 787-1711","Non","Non",NULL,NULL,"2023-09-05 17:17:32"
"6","1","5","1","Isaac","Donaldson","+1 (933) 373-8658","cihy@mailinator.com","0","Quidem molestiae nul","Lorem ea laborum Ve","1973-04-03 00:00:00","Propre site","Particuliers",NULL,"49452","+1 (416) 811-1982","Non","Oui","2",NULL,"2023-09-05 18:50:14"
"7","1","6","2","Grace","Robertson","+1 (659) 563-7386","qale@mailinator.com","0","Quis tempora quae vo","Est cumque praesenti","1970-04-16 00:00:00","Saisie manuelle","Particuliers",NULL,"14100","+1 (543) 627-7988","Non","Non",NULL,"1","2023-09-05 19:51:34"
"8","1","4","1","Andrew","Whitney","+1 (717) 822-7353","fatyxunav@mailinator.com","0","Expedita unde ex per","Minus et quia quisqu","2023-02-16 00:00:00","Propre site","Professionnels",NULL,"54526","+1 (368) 728-7299","Oui","Non",NULL,NULL,"2023-09-06 18:39:35"
"9","1",NULL,"2","Emma","Sanders","+1 (151) 119-9852","jabosaroqo@mailinator.com","0","Dolore aliqua Nihil","Ut rem voluptas nost","2008-04-26 00:00:00","Revendeur","Particuliers",NULL,"21158","+1 (468) 198-8813","Oui","Oui","2",NULL,"2023-09-07 11:39:41"
"10","1",NULL,"2","Hamid","Hamdawoui","0611241521","hamid@gmail.com","1","Sale","Safe 2 route Rabat","1980-05-01 00:00:00","Propre site","Particuliers",NULL,"14859",NULL,"Oui","Oui","1",NULL,"2023-09-11 14:26:51"
"11","1",NULL,"2","Fatima","Moukop","06604058241","fatimato@gmail.com","0","Sale","Rue tijarine Echo Markite Boulevard Tanger, Morocco","1970-05-01 00:00:00","Saisie manuelle",NULL,NULL,"11130",NULL,NULL,NULL,NULL,"3","2023-09-11 15:28:06"
"12","7",NULL,"1","Samih","Mouhajr","06521489","kh@gmai.com","1","Saklm","lkjn kjlk","1980-02-01 00:00:00","Saisie manuelle","Particuliers",NULL,"15489",NULL,"Oui",NULL,NULL,"3","2023-09-11 21:31:36"
"13","1",NULL,"1","Fatimads","Mouhajer","066152485","khadossj@gmail.com","0","Sale","DR Chouikrat Caidat Ain Defali Jorf El Melha","1960-05-01 00:00:00","Saisie manuelle","Particuliers",NULL,"11130",NULL,"Oui",NULL,NULL,"2","2023-09-11 21:36:19"
"14","1",NULL,"1","Salamo","Alayka","062222452","hjh@gmai.com","1","ddd","daz dzdz ddz","2015-01-01 00:00:00","Saisie manuelle",NULL,NULL,"15987",NULL,NULL,"Non",NULL,"2","2023-09-18 17:36:23"
"15",NULL,NULL,"1","Habibi","Nabi","061171111","jg@gmail.com",NULL,NULL,NULL,NULL,NULL,NULL,NULL,NULL,NULL,NULL,NULL,NULL,NULL,"2023-09-18 17:37:46"
"16",NULL,NULL,"2","Esss","Sss","06512489","dd@ghg.com",NULL,NULL,NULL,NULL,NULL,NULL,NULL,NULL,NULL,NULL,NULL,NULL,NULL,"2023-09-18 17:50:54"
"17",NULL,NULL,"2","Badrman","Badr","0625148552","jhd@jhd.com",NULL,NULL,NULL,NULL,NULL,NULL,NULL,NULL,NULL,NULL,NULL,NULL,NULL,"2023-09-18 18:32:15"
"18",NULL,"5","1","Uma","Boyer","+1 (738) 839-7712","figoguj@mailinator.com",NULL,NULL,NULL,NULL,NULL,NULL,NULL,NULL,NULL,NULL,NULL,NULL,NULL,"2023-09-18 18:35:47"
"19","1","5","1","Courtney","Austin","+1 (993) 403-9698","xokaz@mailinator.com","1","Eum asperiores volup","Eos eligendi deserun","1990-03-20 00:00:00","Revendeur","Particuliers",NULL,"98160","+1 (175) 849-4383","Non","Non",NULL,NULL,"2023-09-18 19:37:02"
"20","1","4","1","Courtney","Austin","+1 (993) 403-9698","xokaz@mailinator.com","1","Eum asperiores volup","Eos eligendi deserun","1990-03-20 00:00:00","Revendeur","Particuliers",NULL,"98160","+1 (175) 849-4383","Non","Non",NULL,NULL,"2023-09-18 19:37:08"
"21",NULL,NULL,"2","Phillips","Perry","+1 (536) 477-6468","logovof@mailinator.com",NULL,NULL,NULL,NULL,NULL,NULL,NULL,NULL,NULL,NULL,NULL,NULL,NULL,"2023-09-18 19:41:24"
"22","1",NULL,"2","Eden","Becker","+1 (617) 256-8561","vaqed@mailinator.com","0","Sit fugit voluptat","Sit exercitation a s","1983-01-20 00:00:00","Saisie manuelle","Particuliers",NULL,"11159","+1 (408) 845-1331","Oui","Non",NULL,"1","2023-09-18 19:47:23"
"23","1",NULL,"2","Eden","Becker","+1 (617) 256-8561","vaqed@mailinator.com","0","Sit fugit voluptat","Sit exercitation a s","1983-01-20 00:00:00","Saisie manuelle","Particuliers",NULL,"11159","+1 (408) 845-1331","Oui","Non",NULL,"1","2023-09-18 19:47:29"
"24","1",NULL,"2","Hamsa","Hassan","+1 (455) 335-3465","sosoqaa@mailinator.com","1","Consequatur impedit ","Elit labore deserunt","2000-08-15 00:00:00","Propre site","Professionnels",NULL,"98741","+1 (669) 343-2332","Oui","Non",NULL,"1","2023-09-18 20:53:10"
"25","1","6","1","Glen","Moody","+1 (952) 376-3133","nahoxon@mailinator.com","0","Rerum ut qui aut au","A sit ipsum velit","2000-03-21 00:00:00","Saisie manuelle","Particuliers",NULL,"10159","+1 (857) 106-5251","Oui","Non",NULL,"2","2023-09-18 21:54:34"
"26","1",NULL,"2","Alaeddin","Aladdin","+1 (315) 712-8657","doylenedoge@mailinator.com","0","Optio quaerat dolorem","Itaque et voluptas q","1993-09-28 00:00:00","Revendeur","Particuliers",NULL,"78464","+1 (276) 361-1573","Non","Oui","1",NULL,"2023-09-19 15:11:51"
"27","1",NULL,"2","Brahim","Kassam","+1 (617) 107-9448","kaewir@mailinator.com","0","Provident dolorum v","Reiciendis ipsum of","1975-01-14 00:00:00","Propre site","Particuliers",NULL,"95146","+1 (109) 351-8874","Oui","Non",NULL,"2","2023-09-19 16:15:23"
"28","1",NULL,"1","Brahim","Kassam","+1 (617) 107-9448","kaewir@mailinator.com","0","Provident dolorum v","Reiciendis ipsum of","1975-01-14 00:00:00","Propre site","Particuliers",NULL,"95146","+1 (109) 351-8874","Oui","Non",NULL,"2","2023-09-19 16:15:29"
"29","1","7","1","Brahim","Kassam","+1 (617) 107-9448","kaewir@mailinator.com","0","Provident dolorum v","Reiciendis ipsum of","1975-01-14 00:00:00","Propre site","Particuliers",NULL,"95146","+1 (109) 351-8874","Oui","Non",NULL,"2","2023-09-19 16:15:35"
"30","1",NULL,"2","Rugiero","Romanelli","0635806039","romanelli.rugiero@yahoo.com",NULL,"Marrakech","avenue IBN SINA","1984-11-19 00:00:00","Propre site","Professionnels","EPCF","40000","0613499421","Oui","Oui",NULL,"Problème de tarif","2023-09-21 12:03:17"
"31","2","1",NULL,"2","2","test","test","+33625148596","lkqsj@jqhs.com","1","lkdf","mkdjf mljf","2020-02-01 00:00:00","1","1",NULL,"14589",NULL,"Oui","Oui","2","1","2024-06-15 15:28:55"
"32","3","1",NULL,NULL,"1","test2","testets","+33625148596","gh@gmail.com","1","salee","kjs oiys kjg","2020-02-01 00:00:00","1","1",NULL,"15489",NULL,"Oui","Oui","2","2","2024-06-15 23:28:20"
"33","4","1",NULL,"3","1","test26","testtest","+33625148596","hom@gmail.com",NULL,"hom","homjd",NULL,"1","1",NULL,"14582",NULL,"Oui","Oui",NULL,"1","2024-06-15 23:28:47"
"34","5","1","5","2","1","badr","bechtioui","+33611112224","badr@ghk.com",NULL,"kgk","kjkj kjh",NULL,"1","1",NULL,"14589",NULL,"Oui","Oui","3","2","2024-06-15 23:29:18"
